text,label
The annual public health report includes vaccination coverage statistics.,Public
Tactical battlefield deployment plans for northern command must be kept secret.,Secret
The satellite imagery from the border surveillance program must be stored securely.,Secret
An overview of traffic congestion trends is provided in this transport report.,Public
The official results of the inter-university cricket championship are now published.,Public
This report presents a summary of the city's water usage statistics over the past year.,Public
This document outlines the public holiday calendar for the upcoming fiscal year.,Public
The defense communication encryption protocol is to be updated by top-level personnel only.,Secret
Cybersecurity reports on government infrastructure breaches must be encrypted and protected.,Secret
The official results of the inter-university cricket championship are now published.,Public
Operational details about submarine deployments should not be disclosed publicly.,Secret
This school curriculum guide is intended for parents and teachers.,Public
Nuclear reactor schematics and shielding specifications are classified.,Secret
Tactical battlefield deployment plans for northern command must be kept secret.,Secret
The annual public health report includes vaccination coverage statistics.,Public
Project Falcon’s drone navigation algorithm is highly confidential.,Secret
Strategic plans for satellite defense networks must remain secret.,Secret
The missile launch sequence must remain undisclosed to prevent unauthorized access.,Secret
The defense communication encryption protocol is to be updated by top-level personnel only.,Secret
The satellite imagery from the border surveillance program must be stored securely.,Secret
Project Falcon’s drone navigation algorithm is highly confidential.,Secret
Strategic plans for satellite defense networks must remain secret.,Secret
The monthly economic bulletin includes GDP and inflation stats for public view.,Public
This weather forecast includes temperature and precipitation data for the next 7 days.,Public
The missile launch sequence must remain undisclosed to prevent unauthorized access.,Secret
This weather forecast includes temperature and precipitation data for the next 7 days.,Public
The satellite imagery from the border surveillance program must be stored securely.,Secret
The biometric authentication codes for secure facilities are classified documents.,Secret
The defense communication encryption protocol is to be updated by top-level personnel only.,Secret
The tourism brochure highlights attractions across the northern state region.,Public
The tourism brochure highlights attractions across the northern state region.,Public
The annual public health report includes vaccination coverage statistics.,Public
Strategic plans for satellite defense networks must remain secret.,Secret
Operational details about submarine deployments should not be disclosed publicly.,Secret
The official results of the inter-university cricket championship are now published.,Public
Cybersecurity reports on government infrastructure breaches must be encrypted and protected.,Secret
The annual public health report includes vaccination coverage statistics.,Public
The defense communication encryption protocol is to be updated by top-level personnel only.,Secret
This weather forecast includes temperature and precipitation data for the next 7 days.,Public
The official results of the inter-university cricket championship are now published.,Public
An overview of traffic congestion trends is provided in this transport report.,Public
The monthly economic bulletin includes GDP and inflation stats for public view.,Public
The missile launch sequence must remain undisclosed to prevent unauthorized access.,Secret
Project Falcon’s drone navigation algorithm is highly confidential.,Secret
Cybersecurity reports on government infrastructure breaches must be encrypted and protected.,Secret
Nuclear reactor schematics and shielding specifications are classified.,Secret
The annual public health report includes vaccination coverage statistics.,Public
The official results of the inter-university cricket championship are now published.,Public
Project Falcon’s drone navigation algorithm is highly confidential.,Secret
Tactical battlefield deployment plans for northern command must be kept secret.,Secret
The biometric authentication codes for secure facilities are classified documents.,Secret
An overview of traffic congestion trends is provided in this transport report.,Public
An overview of traffic congestion trends is provided in this transport report.,Public
Cybersecurity reports on government infrastructure breaches must be encrypted and protected.,Secret
This weather forecast includes temperature and precipitation data for the next 7 days.,Public
Project Falcon’s drone navigation algorithm is highly confidential.,Secret
The biometric authentication codes for secure facilities are classified documents.,Secret
The public transportation timetable for metro and bus routes is available online.,Public
This report presents a summary of the city's water usage statistics over the past year.,Public
The annual public health report includes vaccination coverage statistics.,Public
Project Falcon’s drone navigation algorithm is highly confidential.,Secret
Project Falcon’s drone navigation algorithm is highly confidential.,Secret
Nuclear reactor schematics and shielding specifications are classified.,Secret
Nuclear reactor schematics and shielding specifications are classified.,Secret
The satellite imagery from the border surveillance program must be stored securely.,Secret
The biometric authentication codes for secure facilities are classified documents.,Secret
The biometric authentication codes for secure facilities are classified documents.,Secret
Operational details about submarine deployments should not be disclosed publicly.,Secret
Operational details about submarine deployments should not be disclosed publicly.,Secret
The official results of the inter-university cricket championship are now published.,Public
The satellite imagery from the border surveillance program must be stored securely.,Secret
The missile launch sequence must remain undisclosed to prevent unauthorized access.,Secret
Operational details about submarine deployments should not be disclosed publicly.,Secret
Operational details about submarine deployments should not be disclosed publicly.,Secret
The satellite imagery from the border surveillance program must be stored securely.,Secret
This weather forecast includes temperature and precipitation data for the next 7 days.,Public
This report presents a summary of the city's water usage statistics over the past year.,Public
The missile launch sequence must remain undisclosed to prevent unauthorized access.,Secret
This report presents a summary of the city's water usage statistics over the past year.,Public
The public transportation timetable for metro and bus routes is available online.,Public
The public transportation timetable for metro and bus routes is available online.,Public
This document outlines the public holiday calendar for the upcoming fiscal year.,Public
Nuclear reactor schematics and shielding specifications are classified.,Secret
The official results of the inter-university cricket championship are now published.,Public
The defense communication encryption protocol is to be updated by top-level personnel only.,Secret
This report presents a summary of the city's water usage statistics over the past year.,Public
The annual public health report includes vaccination coverage statistics.,Public
An overview of traffic congestion trends is provided in this transport report.,Public
This weather forecast includes temperature and precipitation data for the next 7 days.,Public
The defense communication encryption protocol is to be updated by top-level personnel only.,Secret
Nuclear reactor schematics and shielding specifications are classified.,Secret
Cybersecurity reports on government infrastructure breaches must be encrypted and protected.,Secret
This report presents a summary of the city's water usage statistics over the past year.,Public
Strategic plans for satellite defense networks must remain secret.,Secret
The monthly economic bulletin includes GDP and inflation stats for public view.,Public
Project Falcon’s drone navigation algorithm is highly confidential.,Secret
This school curriculum guide is intended for parents and teachers.,Public
The tourism brochure highlights attractions across the northern state region.,Public
Project Falcon’s drone navigation algorithm is highly confidential.,Secret
Nuclear reactor schematics and shielding specifications are classified.,Secret
Cybersecurity reports on government infrastructure breaches must be encrypted and protected.,Secret
The public transportation timetable for metro and bus routes is available online.,Public
The tourism brochure highlights attractions across the northern state region.,Public
The annual public health report includes vaccination coverage statistics.,Public
The satellite imagery from the border surveillance program must be stored securely.,Secret
Nuclear reactor schematics and shielding specifications are classified.,Secret
The official results of the inter-university cricket championship are now published.,Public
The official results of the inter-university cricket championship are now published.,Public
The defense communication encryption protocol is to be updated by top-level personnel only.,Secret
Project Falcon’s drone navigation algorithm is highly confidential.,Secret
The satellite imagery from the border surveillance program must be stored securely.,Secret
This report presents a summary of the city's water usage statistics over the past year.,Public
The annual public health report includes vaccination coverage statistics.,Public
Project Falcon’s drone navigation algorithm is highly confidential.,Secret
The monthly economic bulletin includes GDP and inflation stats for public view.,Public
The missile launch sequence must remain undisclosed to prevent unauthorized access.,Secret
The monthly economic bulletin includes GDP and inflation stats for public view.,Public
The public transportation timetable for metro and bus routes is available online.,Public
The missile launch sequence must remain undisclosed to prevent unauthorized access.,Secret
This report presents a summary of the city's water usage statistics over the past year.,Public
The biometric authentication codes for secure facilities are classified documents.,Secret
Cybersecurity reports on government infrastructure breaches must be encrypted and protected.,Secret
The public transportation timetable for metro and bus routes is available online.,Public
The tourism brochure highlights attractions across the northern state region.,Public
The tourism brochure highlights attractions across the northern state region.,Public
The monthly economic bulletin includes GDP and inflation stats for public view.,Public
This school curriculum guide is intended for parents and teachers.,Public
The public transportation timetable for metro and bus routes is available online.,Public
The official results of the inter-university cricket championship are now published.,Public
The missile launch sequence must remain undisclosed to prevent unauthorized access.,Secret
This school curriculum guide is intended for parents and teachers.,Public
This school curriculum guide is intended for parents and teachers.,Public
The monthly economic bulletin includes GDP and inflation stats for public view.,Public
Cybersecurity reports on government infrastructure breaches must be encrypted and protected.,Secret
The annual public health report includes vaccination coverage statistics.,Public
The biometric authentication codes for secure facilities are classified documents.,Secret
The biometric authentication codes for secure facilities are classified documents.,Secret
The public transportation timetable for metro and bus routes is available online.,Public
Strategic plans for satellite defense networks must remain secret.,Secret
This weather forecast includes temperature and precipitation data for the next 7 days.,Public
This school curriculum guide is intended for parents and teachers.,Public
Strategic plans for satellite defense networks must remain secret.,Secret
The official results of the inter-university cricket championship are now published.,Public
Operational details about submarine deployments should not be disclosed publicly.,Secret
Operational details about submarine deployments should not be disclosed publicly.,Secret
This weather forecast includes temperature and precipitation data for the next 7 days.,Public
Project Falcon’s drone navigation algorithm is highly confidential.,Secret
An overview of traffic congestion trends is provided in this transport report.,Public
The defense communication encryption protocol is to be updated by top-level personnel only.,Secret
The tourism brochure highlights attractions across the northern state region.,Public
This document outlines the public holiday calendar for the upcoming fiscal year.,Public
Strategic plans for satellite defense networks must remain secret.,Secret
The monthly economic bulletin includes GDP and inflation stats for public view.,Public
Operational details about submarine deployments should not be disclosed publicly.,Secret
This document outlines the public holiday calendar for the upcoming fiscal year.,Public
The official results of the inter-university cricket championship are now published.,Public
Nuclear reactor schematics and shielding specifications are classified.,Secret
The satellite imagery from the border surveillance program must be stored securely.,Secret
Project Falcon’s drone navigation algorithm is highly confidential.,Secret
Strategic plans for satellite defense networks must remain secret.,Secret
Operational details about submarine deployments should not be disclosed publicly.,Secret
The defense communication encryption protocol is to be updated by top-level personnel only.,Secret
The tourism brochure highlights attractions across the northern state region.,Public
The biometric authentication codes for secure facilities are classified documents.,Secret
The annual public health report includes vaccination coverage statistics.,Public
The official results of the inter-university cricket championship are now published.,Public
This document outlines the public holiday calendar for the upcoming fiscal year.,Public
The missile launch sequence must remain undisclosed to prevent unauthorized access.,Secret
The public transportation timetable for metro and bus routes is available online.,Public
The biometric authentication codes for secure facilities are classified documents.,Secret
The official results of the inter-university cricket championship are now published.,Public
This document outlines the public holiday calendar for the upcoming fiscal year.,Public
The biometric authentication codes for secure facilities are classified documents.,Secret
This report presents a summary of the city's water usage statistics over the past year.,Public
The biometric authentication codes for secure facilities are classified documents.,Secret
This weather forecast includes temperature and precipitation data for the next 7 days.,Public
The defense communication encryption protocol is to be updated by top-level personnel only.,Secret
This school curriculum guide is intended for parents and teachers.,Public
Operational details about submarine deployments should not be disclosed publicly.,Secret
This report presents a summary of the city's water usage statistics over the past year.,Public
Operational details about submarine deployments should not be disclosed publicly.,Secret
The defense communication encryption protocol is to be updated by top-level personnel only.,Secret
The missile launch sequence must remain undisclosed to prevent unauthorized access.,Secret
The missile launch sequence must remain undisclosed to prevent unauthorized access.,Secret
Strategic plans for satellite defense networks must remain secret.,Secret
The monthly economic bulletin includes GDP and inflation stats for public view.,Public
This school curriculum guide is intended for parents and teachers.,Public
The tourism brochure highlights attractions across the northern state region.,Public
This document outlines the public holiday calendar for the upcoming fiscal year.,Public
This document outlines the public holiday calendar for the upcoming fiscal year.,Public
This report presents a summary of the city's water usage statistics over the past year.,Public
Project Falcon’s drone navigation algorithm is highly confidential.,Secret
The official results of the inter-university cricket championship are now published.,Public
The satellite imagery from the border surveillance program must be stored securely.,Secret
Strategic plans for satellite defense networks must remain secret.,Secret
An overview of traffic congestion trends is provided in this transport report.,Public
The satellite imagery from the border surveillance program must be stored securely.,Secret
The annual public health report includes vaccination coverage statistics.,Public
Tactical battlefield deployment plans for northern command must be kept secret.,Secret
The biometric authentication codes for secure facilities are classified documents.,Secret
The satellite imagery from the border surveillance program must be stored securely.,Secret
The public transportation timetable for metro and bus routes is available online.,Public
Operational details about submarine deployments should not be disclosed publicly.,Secret
Operational details about submarine deployments should not be disclosed publicly.,Secret
The biometric authentication codes for secure facilities are classified documents.,Secret
The public transportation timetable for metro and bus routes is available online.,Public
Nuclear reactor schematics and shielding specifications are classified.,Secret
The satellite imagery from the border surveillance program must be stored securely.,Secret
The public transportation timetable for metro and bus routes is available online.,Public
Operational details about submarine deployments should not be disclosed publicly.,Secret
The defense communication encryption protocol is to be updated by top-level personnel only.,Secret
This report presents a summary of the city's water usage statistics over the past year.,Public
Tactical battlefield deployment plans for northern command must be kept secret.,Secret
Cybersecurity reports on government infrastructure breaches must be encrypted and protected.,Secret
Nuclear reactor schematics and shielding specifications are classified.,Secret
The official results of the inter-university cricket championship are now published.,Public
This weather forecast includes temperature and precipitation data for the next 7 days.,Public
The public transportation timetable for metro and bus routes is available online.,Public
This school curriculum guide is intended for parents and teachers.,Public
The missile launch sequence must remain undisclosed to prevent unauthorized access.,Secret
The monthly economic bulletin includes GDP and inflation stats for public view.,Public
The monthly economic bulletin includes GDP and inflation stats for public view.,Public
An overview of traffic congestion trends is provided in this transport report.,Public
An overview of traffic congestion trends is provided in this transport report.,Public
This document outlines the public holiday calendar for the upcoming fiscal year.,Public
Tactical battlefield deployment plans for northern command must be kept secret.,Secret
Nuclear reactor schematics and shielding specifications are classified.,Secret
This report presents a summary of the city's water usage statistics over the past year.,Public
Strategic plans for satellite defense networks must remain secret.,Secret
This document outlines the public holiday calendar for the upcoming fiscal year.,Public
This school curriculum guide is intended for parents and teachers.,Public
An overview of traffic congestion trends is provided in this transport report.,Public
Tactical battlefield deployment plans for northern command must be kept secret.,Secret
The satellite imagery from the border surveillance program must be stored securely.,Secret
An overview of traffic congestion trends is provided in this transport report.,Public
The biometric authentication codes for secure facilities are classified documents.,Secret
The monthly economic bulletin includes GDP and inflation stats for public view.,Public
The satellite imagery from the border surveillance program must be stored securely.,Secret
This document outlines the public holiday calendar for the upcoming fiscal year.,Public
This school curriculum guide is intended for parents and teachers.,Public
The official results of the inter-university cricket championship are now published.,Public
Cybersecurity reports on government infrastructure breaches must be encrypted and protected.,Secret
The annual public health report includes vaccination coverage statistics.,Public
The public transportation timetable for metro and bus routes is available online.,Public
The tourism brochure highlights attractions across the northern state region.,Public
An overview of traffic congestion trends is provided in this transport report.,Public
The annual public health report includes vaccination coverage statistics.,Public
The biometric authentication codes for secure facilities are classified documents.,Secret
This weather forecast includes temperature and precipitation data for the next 7 days.,Public
Operational details about submarine deployments should not be disclosed publicly.,Secret
Nuclear reactor schematics and shielding specifications are classified.,Secret
Tactical battlefield deployment plans for northern command must be kept secret.,Secret
Tactical battlefield deployment plans for northern command must be kept secret.,Secret
This school curriculum guide is intended for parents and teachers.,Public
Tactical battlefield deployment plans for northern command must be kept secret.,Secret
Nuclear reactor schematics and shielding specifications are classified.,Secret
This report presents a summary of the city's water usage statistics over the past year.,Public
The missile launch sequence must remain undisclosed to prevent unauthorized access.,Secret
Cybersecurity reports on government infrastructure breaches must be encrypted and protected.,Secret
Project Falcon’s drone navigation algorithm is highly confidential.,Secret
Nuclear reactor schematics and shielding specifications are classified.,Secret
Nuclear reactor schematics and shielding specifications are classified.,Secret
The official results of the inter-university cricket championship are now published.,Public
Nuclear reactor schematics and shielding specifications are classified.,Secret
The official results of the inter-university cricket championship are now published.,Public
The monthly economic bulletin includes GDP and inflation stats for public view.,Public
The missile launch sequence must remain undisclosed to prevent unauthorized access.,Secret
The annual public health report includes vaccination coverage statistics.,Public
The tourism brochure highlights attractions across the northern state region.,Public
The satellite imagery from the border surveillance program must be stored securely.,Secret
Project Falcon’s drone navigation algorithm is highly confidential.,Secret
The tourism brochure highlights attractions across the northern state region.,Public
Strategic plans for satellite defense networks must remain secret.,Secret
An overview of traffic congestion trends is provided in this transport report.,Public
An overview of traffic congestion trends is provided in this transport report.,Public
This weather forecast includes temperature and precipitation data for the next 7 days.,Public
This school curriculum guide is intended for parents and teachers.,Public
The official results of the inter-university cricket championship are now published.,Public
Strategic plans for satellite defense networks must remain secret.,Secret
The biometric authentication codes for secure facilities are classified documents.,Secret
The monthly economic bulletin includes GDP and inflation stats for public view.,Public
This report presents a summary of the city's water usage statistics over the past year.,Public
This report presents a summary of the city's water usage statistics over the past year.,Public
Nuclear reactor schematics and shielding specifications are classified.,Secret
The public transportation timetable for metro and bus routes is available online.,Public
The satellite imagery from the border surveillance program must be stored securely.,Secret
Tactical battlefield deployment plans for northern command must be kept secret.,Secret
The biometric authentication codes for secure facilities are classified documents.,Secret
This weather forecast includes temperature and precipitation data for the next 7 days.,Public
The annual public health report includes vaccination coverage statistics.,Public
This document outlines the public holiday calendar for the upcoming fiscal year.,Public
Cybersecurity reports on government infrastructure breaches must be encrypted and protected.,Secret
Operational details about submarine deployments should not be disclosed publicly.,Secret
Tactical battlefield deployment plans for northern command must be kept secret.,Secret
This school curriculum guide is intended for parents and teachers.,Public
This school curriculum guide is intended for parents and teachers.,Public
The biometric authentication codes for secure facilities are classified documents.,Secret
Operational details about submarine deployments should not be disclosed publicly.,Secret
Strategic plans for satellite defense networks must remain secret.,Secret
The monthly economic bulletin includes GDP and inflation stats for public view.,Public
Tactical battlefield deployment plans for northern command must be kept secret.,Secret
An overview of traffic congestion trends is provided in this transport report.,Public
The biometric authentication codes for secure facilities are classified documents.,Secret
An overview of traffic congestion trends is provided in this transport report.,Public
Operational details about submarine deployments should not be disclosed publicly.,Secret
Nuclear reactor schematics and shielding specifications are classified.,Secret
Project Falcon’s drone navigation algorithm is highly confidential.,Secret
The monthly economic bulletin includes GDP and inflation stats for public view.,Public
An overview of traffic congestion trends is provided in this transport report.,Public
Cybersecurity reports on government infrastructure breaches must be encrypted and protected.,Secret
The monthly economic bulletin includes GDP and inflation stats for public view.,Public
The annual public health report includes vaccination coverage statistics.,Public
Nuclear reactor schematics and shielding specifications are classified.,Secret
The defense communication encryption protocol is to be updated by top-level personnel only.,Secret
This school curriculum guide is intended for parents and teachers.,Public
The annual public health report includes vaccination coverage statistics.,Public
The tourism brochure highlights attractions across the northern state region.,Public
The missile launch sequence must remain undisclosed to prevent unauthorized access.,Secret
The satellite imagery from the border surveillance program must be stored securely.,Secret
The tourism brochure highlights attractions across the northern state region.,Public
The official results of the inter-university cricket championship are now published.,Public
Operational details about submarine deployments should not be disclosed publicly.,Secret
The tourism brochure highlights attractions across the northern state region.,Public
The public transportation timetable for metro and bus routes is available online.,Public
Strategic plans for satellite defense networks must remain secret.,Secret
This weather forecast includes temperature and precipitation data for the next 7 days.,Public
The biometric authentication codes for secure facilities are classified documents.,Secret
The missile launch sequence must remain undisclosed to prevent unauthorized access.,Secret
The official results of the inter-university cricket championship are now published.,Public
The missile launch sequence must remain undisclosed to prevent unauthorized access.,Secret
The public transportation timetable for metro and bus routes is available online.,Public
The defense communication encryption protocol is to be updated by top-level personnel only.,Secret
Project Falcon’s drone navigation algorithm is highly confidential.,Secret
The tourism brochure highlights attractions across the northern state region.,Public
The annual public health report includes vaccination coverage statistics.,Public
The official results of the inter-university cricket championship are now published.,Public
An overview of traffic congestion trends is provided in this transport report.,Public
This document outlines the public holiday calendar for the upcoming fiscal year.,Public
An overview of traffic congestion trends is provided in this transport report.,Public
This document outlines the public holiday calendar for the upcoming fiscal year.,Public
This document outlines the public holiday calendar for the upcoming fiscal year.,Public
The public transportation timetable for metro and bus routes is available online.,Public
The monthly economic bulletin includes GDP and inflation stats for public view.,Public
This report presents a summary of the city's water usage statistics over the past year.,Public
The tourism brochure highlights attractions across the northern state region.,Public
The public transportation timetable for metro and bus routes is available online.,Public
The defense communication encryption protocol is to be updated by top-level personnel only.,Secret
This report presents a summary of the city's water usage statistics over the past year.,Public
An overview of traffic congestion trends is provided in this transport report.,Public
The biometric authentication codes for secure facilities are classified documents.,Secret
The tourism brochure highlights attractions across the northern state region.,Public
The satellite imagery from the border surveillance program must be stored securely.,Secret
The tourism brochure highlights attractions across the northern state region.,Public
An overview of traffic congestion trends is provided in this transport report.,Public
The tourism brochure highlights attractions across the northern state region.,Public
This document outlines the public holiday calendar for the upcoming fiscal year.,Public
An overview of traffic congestion trends is provided in this transport report.,Public
The annual public health report includes vaccination coverage statistics.,Public
Operational details about submarine deployments should not be disclosed publicly.,Secret
The missile launch sequence must remain undisclosed to prevent unauthorized access.,Secret
This school curriculum guide is intended for parents and teachers.,Public
The satellite imagery from the border surveillance program must be stored securely.,Secret
The monthly economic bulletin includes GDP and inflation stats for public view.,Public
An overview of traffic congestion trends is provided in this transport report.,Public
The defense communication encryption protocol is to be updated by top-level personnel only.,Secret
Tactical battlefield deployment plans for northern command must be kept secret.,Secret
Nuclear reactor schematics and shielding specifications are classified.,Secret
An overview of traffic congestion trends is provided in this transport report.,Public
Strategic plans for satellite defense networks must remain secret.,Secret
The annual public health report includes vaccination coverage statistics.,Public
Tactical battlefield deployment plans for northern command must be kept secret.,Secret
An overview of traffic congestion trends is provided in this transport report.,Public
Operational details about submarine deployments should not be disclosed publicly.,Secret
The official results of the inter-university cricket championship are now published.,Public
This document outlines the public holiday calendar for the upcoming fiscal year.,Public
An overview of traffic congestion trends is provided in this transport report.,Public
Project Falcon’s drone navigation algorithm is highly confidential.,Secret
An overview of traffic congestion trends is provided in this transport report.,Public
The official results of the inter-university cricket championship are now published.,Public
The satellite imagery from the border surveillance program must be stored securely.,Secret
The tourism brochure highlights attractions across the northern state region.,Public
The satellite imagery from the border surveillance program must be stored securely.,Secret
The biometric authentication codes for secure facilities are classified documents.,Secret
The annual public health report includes vaccination coverage statistics.,Public
An overview of traffic congestion trends is provided in this transport report.,Public
This document outlines the public holiday calendar for the upcoming fiscal year.,Public
The missile launch sequence must remain undisclosed to prevent unauthorized access.,Secret
The official results of the inter-university cricket championship are now published.,Public
Project Falcon’s drone navigation algorithm is highly confidential.,Secret
This document outlines the public holiday calendar for the upcoming fiscal year.,Public
Strategic plans for satellite defense networks must remain secret.,Secret
The annual public health report includes vaccination coverage statistics.,Public
Operational details about submarine deployments should not be disclosed publicly.,Secret
Nuclear reactor schematics and shielding specifications are classified.,Secret
Nuclear reactor schematics and shielding specifications are classified.,Secret
The biometric authentication codes for secure facilities are classified documents.,Secret
This report presents a summary of the city's water usage statistics over the past year.,Public
The missile launch sequence must remain undisclosed to prevent unauthorized access.,Secret
Cybersecurity reports on government infrastructure breaches must be encrypted and protected.,Secret
The monthly economic bulletin includes GDP and inflation stats for public view.,Public
The tourism brochure highlights attractions across the northern state region.,Public
Nuclear reactor schematics and shielding specifications are classified.,Secret
Operational details about submarine deployments should not be disclosed publicly.,Secret
The public transportation timetable for metro and bus routes is available online.,Public
Strategic plans for satellite defense networks must remain secret.,Secret
The tourism brochure highlights attractions across the northern state region.,Public
The official results of the inter-university cricket championship are now published.,Public
Nuclear reactor schematics and shielding specifications are classified.,Secret
The defense communication encryption protocol is to be updated by top-level personnel only.,Secret
Tactical battlefield deployment plans for northern command must be kept secret.,Secret
The satellite imagery from the border surveillance program must be stored securely.,Secret
Cybersecurity reports on government infrastructure breaches must be encrypted and protected.,Secret
The official results of the inter-university cricket championship are now published.,Public
An overview of traffic congestion trends is provided in this transport report.,Public
The official results of the inter-university cricket championship are now published.,Public
Strategic plans for satellite defense networks must remain secret.,Secret
Project Falcon’s drone navigation algorithm is highly confidential.,Secret
This document outlines the public holiday calendar for the upcoming fiscal year.,Public
The satellite imagery from the border surveillance program must be stored securely.,Secret
Project Falcon’s drone navigation algorithm is highly confidential.,Secret
Project Falcon’s drone navigation algorithm is highly confidential.,Secret
The annual public health report includes vaccination coverage statistics.,Public
The official results of the inter-university cricket championship are now published.,Public
Tactical battlefield deployment plans for northern command must be kept secret.,Secret
Project Falcon’s drone navigation algorithm is highly confidential.,Secret
The annual public health report includes vaccination coverage statistics.,Public
Nuclear reactor schematics and shielding specifications are classified.,Secret
Cybersecurity reports on government infrastructure breaches must be encrypted and protected.,Secret
This school curriculum guide is intended for parents and teachers.,Public
This report presents a summary of the city's water usage statistics over the past year.,Public
Tactical battlefield deployment plans for northern command must be kept secret.,Secret
Tactical battlefield deployment plans for northern command must be kept secret.,Secret
The official results of the inter-university cricket championship are now published.,Public
The annual public health report includes vaccination coverage statistics.,Public
Nuclear reactor schematics and shielding specifications are classified.,Secret
The biometric authentication codes for secure facilities are classified documents.,Secret
Tactical battlefield deployment plans for northern command must be kept secret.,Secret
The public transportation timetable for metro and bus routes is available online.,Public
The missile launch sequence must remain undisclosed to prevent unauthorized access.,Secret
The satellite imagery from the border surveillance program must be stored securely.,Secret
The satellite imagery from the border surveillance program must be stored securely.,Secret
Operational details about submarine deployments should not be disclosed publicly.,Secret
The defense communication encryption protocol is to be updated by top-level personnel only.,Secret
Project Falcon’s drone navigation algorithm is highly confidential.,Secret
The missile launch sequence must remain undisclosed to prevent unauthorized access.,Secret
The public transportation timetable for metro and bus routes is available online.,Public
This document outlines the public holiday calendar for the upcoming fiscal year.,Public
This school curriculum guide is intended for parents and teachers.,Public
This weather forecast includes temperature and precipitation data for the next 7 days.,Public
Strategic plans for satellite defense networks must remain secret.,Secret
This document outlines the public holiday calendar for the upcoming fiscal year.,Public
The defense communication encryption protocol is to be updated by top-level personnel only.,Secret
An overview of traffic congestion trends is provided in this transport report.,Public
Nuclear reactor schematics and shielding specifications are classified.,Secret
An overview of traffic congestion trends is provided in this transport report.,Public
This document outlines the public holiday calendar for the upcoming fiscal year.,Public
The annual public health report includes vaccination coverage statistics.,Public
The official results of the inter-university cricket championship are now published.,Public
An overview of traffic congestion trends is provided in this transport report.,Public
Nuclear reactor schematics and shielding specifications are classified.,Secret
The defense communication encryption protocol is to be updated by top-level personnel only.,Secret
The public transportation timetable for metro and bus routes is available online.,Public
The satellite imagery from the border surveillance program must be stored securely.,Secret
This school curriculum guide is intended for parents and teachers.,Public
Operational details about submarine deployments should not be disclosed publicly.,Secret
This document outlines the public holiday calendar for the upcoming fiscal year.,Public
Strategic plans for satellite defense networks must remain secret.,Secret
The missile launch sequence must remain undisclosed to prevent unauthorized access.,Secret
The monthly economic bulletin includes GDP and inflation stats for public view.,Public
The defense communication encryption protocol is to be updated by top-level personnel only.,Secret
The missile launch sequence must remain undisclosed to prevent unauthorized access.,Secret
This weather forecast includes temperature and precipitation data for the next 7 days.,Public
The public transportation timetable for metro and bus routes is available online.,Public
Cybersecurity reports on government infrastructure breaches must be encrypted and protected.,Secret
This report presents a summary of the city's water usage statistics over the past year.,Public
The official results of the inter-university cricket championship are now published.,Public
The official results of the inter-university cricket championship are now published.,Public
The biometric authentication codes for secure facilities are classified documents.,Secret
Strategic plans for satellite defense networks must remain secret.,Secret
The tourism brochure highlights attractions across the northern state region.,Public
The biometric authentication codes for secure facilities are classified documents.,Secret
This report presents a summary of the city's water usage statistics over the past year.,Public
This report presents a summary of the city's water usage statistics over the past year.,Public
This weather forecast includes temperature and precipitation data for the next 7 days.,Public
An overview of traffic congestion trends is provided in this transport report.,Public
Strategic plans for satellite defense networks must remain secret.,Secret
This school curriculum guide is intended for parents and teachers.,Public
Cybersecurity reports on government infrastructure breaches must be encrypted and protected.,Secret
Operational details about submarine deployments should not be disclosed publicly.,Secret
The missile launch sequence must remain undisclosed to prevent unauthorized access.,Secret
This document outlines the public holiday calendar for the upcoming fiscal year.,Public
This document outlines the public holiday calendar for the upcoming fiscal year.,Public
The satellite imagery from the border surveillance program must be stored securely.,Secret
Operational details about submarine deployments should not be disclosed publicly.,Secret
Operational details about submarine deployments should not be disclosed publicly.,Secret
Strategic plans for satellite defense networks must remain secret.,Secret
The missile launch sequence must remain undisclosed to prevent unauthorized access.,Secret
The official results of the inter-university cricket championship are now published.,Public
Tactical battlefield deployment plans for northern command must be kept secret.,Secret
The defense communication encryption protocol is to be updated by top-level personnel only.,Secret
The missile launch sequence must remain undisclosed to prevent unauthorized access.,Secret
The annual public health report includes vaccination coverage statistics.,Public
The public transportation timetable for metro and bus routes is available online.,Public
This weather forecast includes temperature and precipitation data for the next 7 days.,Public
The public transportation timetable for metro and bus routes is available online.,Public
Cybersecurity reports on government infrastructure breaches must be encrypted and protected.,Secret
The public transportation timetable for metro and bus routes is available online.,Public
An overview of traffic congestion trends is provided in this transport report.,Public
Operational details about submarine deployments should not be disclosed publicly.,Secret
The satellite imagery from the border surveillance program must be stored securely.,Secret
The satellite imagery from the border surveillance program must be stored securely.,Secret
Nuclear reactor schematics and shielding specifications are classified.,Secret
This school curriculum guide is intended for parents and teachers.,Public
The public transportation timetable for metro and bus routes is available online.,Public
Cybersecurity reports on government infrastructure breaches must be encrypted and protected.,Secret
The defense communication encryption protocol is to be updated by top-level personnel only.,Secret
This weather forecast includes temperature and precipitation data for the next 7 days.,Public
The monthly economic bulletin includes GDP and inflation stats for public view.,Public
The biometric authentication codes for secure facilities are classified documents.,Secret
Strategic plans for satellite defense networks must remain secret.,Secret
Tactical battlefield deployment plans for northern command must be kept secret.,Secret
The satellite imagery from the border surveillance program must be stored securely.,Secret
Cybersecurity reports on government infrastructure breaches must be encrypted and protected.,Secret
Tactical battlefield deployment plans for northern command must be kept secret.,Secret
Nuclear reactor schematics and shielding specifications are classified.,Secret
The annual public health report includes vaccination coverage statistics.,Public
This school curriculum guide is intended for parents and teachers.,Public
The missile launch sequence must remain undisclosed to prevent unauthorized access.,Secret
The official results of the inter-university cricket championship are now published.,Public
The defense communication encryption protocol is to be updated by top-level personnel only.,Secret
The tourism brochure highlights attractions across the northern state region.,Public
Nuclear reactor schematics and shielding specifications are classified.,Secret
This report presents a summary of the city's water usage statistics over the past year.,Public
An overview of traffic congestion trends is provided in this transport report.,Public
The tourism brochure highlights attractions across the northern state region.,Public
Operational details about submarine deployments should not be disclosed publicly.,Secret
The monthly economic bulletin includes GDP and inflation stats for public view.,Public
The tourism brochure highlights attractions across the northern state region.,Public
The public transportation timetable for metro and bus routes is available online.,Public
The annual public health report includes vaccination coverage statistics.,Public
The satellite imagery from the border surveillance program must be stored securely.,Secret
Strategic plans for satellite defense networks must remain secret.,Secret
An overview of traffic congestion trends is provided in this transport report.,Public
The satellite imagery from the border surveillance program must be stored securely.,Secret
The missile launch sequence must remain undisclosed to prevent unauthorized access.,Secret
This document outlines the public holiday calendar for the upcoming fiscal year.,Public
This weather forecast includes temperature and precipitation data for the next 7 days.,Public
Operational details about submarine deployments should not be disclosed publicly.,Secret
This document outlines the public holiday calendar for the upcoming fiscal year.,Public
Tactical battlefield deployment plans for northern command must be kept secret.,Secret
The defense communication encryption protocol is to be updated by top-level personnel only.,Secret
This document outlines the public holiday calendar for the upcoming fiscal year.,Public
An overview of traffic congestion trends is provided in this transport report.,Public
The defense communication encryption protocol is to be updated by top-level personnel only.,Secret
The annual public health report includes vaccination coverage statistics.,Public
The missile launch sequence must remain undisclosed to prevent unauthorized access.,Secret
Tactical battlefield deployment plans for northern command must be kept secret.,Secret
The missile launch sequence must remain undisclosed to prevent unauthorized access.,Secret
Nuclear reactor schematics and shielding specifications are classified.,Secret
The tourism brochure highlights attractions across the northern state region.,Public
This weather forecast includes temperature and precipitation data for the next 7 days.,Public
The monthly economic bulletin includes GDP and inflation stats for public view.,Public
Strategic plans for satellite defense networks must remain secret.,Secret
The defense communication encryption protocol is to be updated by top-level personnel only.,Secret
The satellite imagery from the border surveillance program must be stored securely.,Secret
Project Falcon’s drone navigation algorithm is highly confidential.,Secret
The monthly economic bulletin includes GDP and inflation stats for public view.,Public
The satellite imagery from the border surveillance program must be stored securely.,Secret
The defense communication encryption protocol is to be updated by top-level personnel only.,Secret
This document outlines the public holiday calendar for the upcoming fiscal year.,Public
The monthly economic bulletin includes GDP and inflation stats for public view.,Public
An overview of traffic congestion trends is provided in this transport report.,Public
The public transportation timetable for metro and bus routes is available online.,Public
The tourism brochure highlights attractions across the northern state region.,Public
The defense communication encryption protocol is to be updated by top-level personnel only.,Secret
Operational details about submarine deployments should not be disclosed publicly.,Secret
Operational details about submarine deployments should not be disclosed publicly.,Secret
This school curriculum guide is intended for parents and teachers.,Public
The official results of the inter-university cricket championship are now published.,Public
The public transportation timetable for metro and bus routes is available online.,Public
This report presents a summary of the city's water usage statistics over the past year.,Public
This document outlines the public holiday calendar for the upcoming fiscal year.,Public
The missile launch sequence must remain undisclosed to prevent unauthorized access.,Secret
The official results of the inter-university cricket championship are now published.,Public
This weather forecast includes temperature and precipitation data for the next 7 days.,Public
An overview of traffic congestion trends is provided in this transport report.,Public
The annual public health report includes vaccination coverage statistics.,Public
This report presents a summary of the city's water usage statistics over the past year.,Public
The missile launch sequence must remain undisclosed to prevent unauthorized access.,Secret
This school curriculum guide is intended for parents and teachers.,Public
The missile launch sequence must remain undisclosed to prevent unauthorized access.,Secret
The monthly economic bulletin includes GDP and inflation stats for public view.,Public
An overview of traffic congestion trends is provided in this transport report.,Public
The tourism brochure highlights attractions across the northern state region.,Public
Cybersecurity reports on government infrastructure breaches must be encrypted and protected.,Secret
The public transportation timetable for metro and bus routes is available online.,Public
Project Falcon’s drone navigation algorithm is highly confidential.,Secret
This document outlines the public holiday calendar for the upcoming fiscal year.,Public
An overview of traffic congestion trends is provided in this transport report.,Public
This report presents a summary of the city's water usage statistics over the past year.,Public
The official results of the inter-university cricket championship are now published.,Public
Strategic plans for satellite defense networks must remain secret.,Secret
The tourism brochure highlights attractions across the northern state region.,Public
An overview of traffic congestion trends is provided in this transport report.,Public
This school curriculum guide is intended for parents and teachers.,Public
Project Falcon’s drone navigation algorithm is highly confidential.,Secret
Nuclear reactor schematics and shielding specifications are classified.,Secret
The annual public health report includes vaccination coverage statistics.,Public
This document outlines the public holiday calendar for the upcoming fiscal year.,Public
The official results of the inter-university cricket championship are now published.,Public
The public transportation timetable for metro and bus routes is available online.,Public
An overview of traffic congestion trends is provided in this transport report.,Public
This weather forecast includes temperature and precipitation data for the next 7 days.,Public
Strategic plans for satellite defense networks must remain secret.,Secret
Tactical battlefield deployment plans for northern command must be kept secret.,Secret
Tactical battlefield deployment plans for northern command must be kept secret.,Secret
The annual public health report includes vaccination coverage statistics.,Public
Strategic plans for satellite defense networks must remain secret.,Secret
The official results of the inter-university cricket championship are now published.,Public
The public transportation timetable for metro and bus routes is available online.,Public
Nuclear reactor schematics and shielding specifications are classified.,Secret
The satellite imagery from the border surveillance program must be stored securely.,Secret
The annual public health report includes vaccination coverage statistics.,Public
The tourism brochure highlights attractions across the northern state region.,Public
Cybersecurity reports on government infrastructure breaches must be encrypted and protected.,Secret
This document outlines the public holiday calendar for the upcoming fiscal year.,Public
Strategic plans for satellite defense networks must remain secret.,Secret
This report presents a summary of the city's water usage statistics over the past year.,Public
Operational details about submarine deployments should not be disclosed publicly.,Secret
The biometric authentication codes for secure facilities are classified documents.,Secret
This report presents a summary of the city's water usage statistics over the past year.,Public
The official results of the inter-university cricket championship are now published.,Public
This report presents a summary of the city's water usage statistics over the past year.,Public
Strategic plans for satellite defense networks must remain secret.,Secret
The official results of the inter-university cricket championship are now published.,Public
This report presents a summary of the city's water usage statistics over the past year.,Public
This school curriculum guide is intended for parents and teachers.,Public
The official results of the inter-university cricket championship are now published.,Public
Project Falcon’s drone navigation algorithm is highly confidential.,Secret
The official results of the inter-university cricket championship are now published.,Public
The tourism brochure highlights attractions across the northern state region.,Public
The tourism brochure highlights attractions across the northern state region.,Public
Operational details about submarine deployments should not be disclosed publicly.,Secret
Nuclear reactor schematics and shielding specifications are classified.,Secret
An overview of traffic congestion trends is provided in this transport report.,Public
Nuclear reactor schematics and shielding specifications are classified.,Secret
Operational details about submarine deployments should not be disclosed publicly.,Secret
The official results of the inter-university cricket championship are now published.,Public
This school curriculum guide is intended for parents and teachers.,Public
The official results of the inter-university cricket championship are now published.,Public
Project Falcon’s drone navigation algorithm is highly confidential.,Secret
The satellite imagery from the border surveillance program must be stored securely.,Secret
This document outlines the public holiday calendar for the upcoming fiscal year.,Public
The annual public health report includes vaccination coverage statistics.,Public
Project Falcon’s drone navigation algorithm is highly confidential.,Secret
Strategic plans for satellite defense networks must remain secret.,Secret
An overview of traffic congestion trends is provided in this transport report.,Public
The annual public health report includes vaccination coverage statistics.,Public
The biometric authentication codes for secure facilities are classified documents.,Secret
Cybersecurity reports on government infrastructure breaches must be encrypted and protected.,Secret
The biometric authentication codes for secure facilities are classified documents.,Secret
Tactical battlefield deployment plans for northern command must be kept secret.,Secret
The monthly economic bulletin includes GDP and inflation stats for public view.,Public
The monthly economic bulletin includes GDP and inflation stats for public view.,Public
This school curriculum guide is intended for parents and teachers.,Public
This weather forecast includes temperature and precipitation data for the next 7 days.,Public
Nuclear reactor schematics and shielding specifications are classified.,Secret
The satellite imagery from the border surveillance program must be stored securely.,Secret
This document outlines the public holiday calendar for the upcoming fiscal year.,Public
Strategic plans for satellite defense networks must remain secret.,Secret
Cybersecurity reports on government infrastructure breaches must be encrypted and protected.,Secret
Operational details about submarine deployments should not be disclosed publicly.,Secret
Tactical battlefield deployment plans for northern command must be kept secret.,Secret
This document outlines the public holiday calendar for the upcoming fiscal year.,Public
Project Falcon’s drone navigation algorithm is highly confidential.,Secret
The official results of the inter-university cricket championship are now published.,Public
The satellite imagery from the border surveillance program must be stored securely.,Secret
The defense communication encryption protocol is to be updated by top-level personnel only.,Secret
The official results of the inter-university cricket championship are now published.,Public
Project Falcon’s drone navigation algorithm is highly confidential.,Secret
This weather forecast includes temperature and precipitation data for the next 7 days.,Public
The tourism brochure highlights attractions across the northern state region.,Public
The tourism brochure highlights attractions across the northern state region.,Public
Project Falcon’s drone navigation algorithm is highly confidential.,Secret
The missile launch sequence must remain undisclosed to prevent unauthorized access.,Secret
Strategic plans for satellite defense networks must remain secret.,Secret
Tactical battlefield deployment plans for northern command must be kept secret.,Secret
The annual public health report includes vaccination coverage statistics.,Public
The tourism brochure highlights attractions across the northern state region.,Public
The monthly economic bulletin includes GDP and inflation stats for public view.,Public
An overview of traffic congestion trends is provided in this transport report.,Public
The official results of the inter-university cricket championship are now published.,Public
Strategic plans for satellite defense networks must remain secret.,Secret
The satellite imagery from the border surveillance program must be stored securely.,Secret
The annual public health report includes vaccination coverage statistics.,Public
Strategic plans for satellite defense networks must remain secret.,Secret
The biometric authentication codes for secure facilities are classified documents.,Secret
The missile launch sequence must remain undisclosed to prevent unauthorized access.,Secret
The monthly economic bulletin includes GDP and inflation stats for public view.,Public
The public transportation timetable for metro and bus routes is available online.,Public
Strategic plans for satellite defense networks must remain secret.,Secret
This report presents a summary of the city's water usage statistics over the past year.,Public
Cybersecurity reports on government infrastructure breaches must be encrypted and protected.,Secret
Project Falcon’s drone navigation algorithm is highly confidential.,Secret
Project Falcon’s drone navigation algorithm is highly confidential.,Secret
This document outlines the public holiday calendar for the upcoming fiscal year.,Public
The satellite imagery from the border surveillance program must be stored securely.,Secret
The tourism brochure highlights attractions across the northern state region.,Public
This school curriculum guide is intended for parents and teachers.,Public
The biometric authentication codes for secure facilities are classified documents.,Secret
The annual public health report includes vaccination coverage statistics.,Public
The monthly economic bulletin includes GDP and inflation stats for public view.,Public
The tourism brochure highlights attractions across the northern state region.,Public
The satellite imagery from the border surveillance program must be stored securely.,Secret
The official results of the inter-university cricket championship are now published.,Public
This school curriculum guide is intended for parents and teachers.,Public
Operational details about submarine deployments should not be disclosed publicly.,Secret
The public transportation timetable for metro and bus routes is available online.,Public
This school curriculum guide is intended for parents and teachers.,Public
An overview of traffic congestion trends is provided in this transport report.,Public
The satellite imagery from the border surveillance program must be stored securely.,Secret
The annual public health report includes vaccination coverage statistics.,Public
The official results of the inter-university cricket championship are now published.,Public
The defense communication encryption protocol is to be updated by top-level personnel only.,Secret
The biometric authentication codes for secure facilities are classified documents.,Secret
This document outlines the public holiday calendar for the upcoming fiscal year.,Public
Nuclear reactor schematics and shielding specifications are classified.,Secret
This weather forecast includes temperature and precipitation data for the next 7 days.,Public
The defense communication encryption protocol is to be updated by top-level personnel only.,Secret
The missile launch sequence must remain undisclosed to prevent unauthorized access.,Secret
The tourism brochure highlights attractions across the northern state region.,Public
The official results of the inter-university cricket championship are now published.,Public
This report presents a summary of the city's water usage statistics over the past year.,Public
Tactical battlefield deployment plans for northern command must be kept secret.,Secret
This report presents a summary of the city's water usage statistics over the past year.,Public
The defense communication encryption protocol is to be updated by top-level personnel only.,Secret
Nuclear reactor schematics and shielding specifications are classified.,Secret
The satellite imagery from the border surveillance program must be stored securely.,Secret
The annual public health report includes vaccination coverage statistics.,Public
The satellite imagery from the border surveillance program must be stored securely.,Secret
This school curriculum guide is intended for parents and teachers.,Public
The annual public health report includes vaccination coverage statistics.,Public
The missile launch sequence must remain undisclosed to prevent unauthorized access.,Secret
Tactical battlefield deployment plans for northern command must be kept secret.,Secret
The annual public health report includes vaccination coverage statistics.,Public
Tactical battlefield deployment plans for northern command must be kept secret.,Secret
This school curriculum guide is intended for parents and teachers.,Public
This school curriculum guide is intended for parents and teachers.,Public
Strategic plans for satellite defense networks must remain secret.,Secret
The annual public health report includes vaccination coverage statistics.,Public
The official results of the inter-university cricket championship are now published.,Public
This report presents a summary of the city's water usage statistics over the past year.,Public
The monthly economic bulletin includes GDP and inflation stats for public view.,Public
The defense communication encryption protocol is to be updated by top-level personnel only.,Secret
Operational details about submarine deployments should not be disclosed publicly.,Secret
Cybersecurity reports on government infrastructure breaches must be encrypted and protected.,Secret
Tactical battlefield deployment plans for northern command must be kept secret.,Secret
Nuclear reactor schematics and shielding specifications are classified.,Secret
The tourism brochure highlights attractions across the northern state region.,Public
The biometric authentication codes for secure facilities are classified documents.,Secret
Tactical battlefield deployment plans for northern command must be kept secret.,Secret
Strategic plans for satellite defense networks must remain secret.,Secret
The defense communication encryption protocol is to be updated by top-level personnel only.,Secret
This document outlines the public holiday calendar for the upcoming fiscal year.,Public
This report presents a summary of the city's water usage statistics over the past year.,Public
Cybersecurity reports on government infrastructure breaches must be encrypted and protected.,Secret
The official results of the inter-university cricket championship are now published.,Public
This weather forecast includes temperature and precipitation data for the next 7 days.,Public
Strategic plans for satellite defense networks must remain secret.,Secret
This weather forecast includes temperature and precipitation data for the next 7 days.,Public
The tourism brochure highlights attractions across the northern state region.,Public
The missile launch sequence must remain undisclosed to prevent unauthorized access.,Secret
The official results of the inter-university cricket championship are now published.,Public
Operational details about submarine deployments should not be disclosed publicly.,Secret
The satellite imagery from the border surveillance program must be stored securely.,Secret
This weather forecast includes temperature and precipitation data for the next 7 days.,Public
The defense communication encryption protocol is to be updated by top-level personnel only.,Secret
The satellite imagery from the border surveillance program must be stored securely.,Secret
An overview of traffic congestion trends is provided in this transport report.,Public
The tourism brochure highlights attractions across the northern state region.,Public
Strategic plans for satellite defense networks must remain secret.,Secret
Tactical battlefield deployment plans for northern command must be kept secret.,Secret
Tactical battlefield deployment plans for northern command must be kept secret.,Secret
The satellite imagery from the border surveillance program must be stored securely.,Secret
The official results of the inter-university cricket championship are now published.,Public
The monthly economic bulletin includes GDP and inflation stats for public view.,Public
This school curriculum guide is intended for parents and teachers.,Public
The monthly economic bulletin includes GDP and inflation stats for public view.,Public
This weather forecast includes temperature and precipitation data for the next 7 days.,Public
The tourism brochure highlights attractions across the northern state region.,Public
An overview of traffic congestion trends is provided in this transport report.,Public
The biometric authentication codes for secure facilities are classified documents.,Secret
Project Falcon’s drone navigation algorithm is highly confidential.,Secret
The biometric authentication codes for secure facilities are classified documents.,Secret
The satellite imagery from the border surveillance program must be stored securely.,Secret
Tactical battlefield deployment plans for northern command must be kept secret.,Secret
The annual public health report includes vaccination coverage statistics.,Public
The defense communication encryption protocol is to be updated by top-level personnel only.,Secret
Strategic plans for satellite defense networks must remain secret.,Secret
The monthly economic bulletin includes GDP and inflation stats for public view.,Public
The monthly economic bulletin includes GDP and inflation stats for public view.,Public
Nuclear reactor schematics and shielding specifications are classified.,Secret
Tactical battlefield deployment plans for northern command must be kept secret.,Secret
Nuclear reactor schematics and shielding specifications are classified.,Secret
Nuclear reactor schematics and shielding specifications are classified.,Secret
The missile launch sequence must remain undisclosed to prevent unauthorized access.,Secret
Strategic plans for satellite defense networks must remain secret.,Secret
Project Falcon’s drone navigation algorithm is highly confidential.,Secret
Nuclear reactor schematics and shielding specifications are classified.,Secret
Project Falcon’s drone navigation algorithm is highly confidential.,Secret
The biometric authentication codes for secure facilities are classified documents.,Secret
The tourism brochure highlights attractions across the northern state region.,Public
This report presents a summary of the city's water usage statistics over the past year.,Public
This weather forecast includes temperature and precipitation data for the next 7 days.,Public
This school curriculum guide is intended for parents and teachers.,Public
Tactical battlefield deployment plans for northern command must be kept secret.,Secret
The satellite imagery from the border surveillance program must be stored securely.,Secret
Operational details about submarine deployments should not be disclosed publicly.,Secret
Project Falcon’s drone navigation algorithm is highly confidential.,Secret
The satellite imagery from the border surveillance program must be stored securely.,Secret
Nuclear reactor schematics and shielding specifications are classified.,Secret
The satellite imagery from the border surveillance program must be stored securely.,Secret
The missile launch sequence must remain undisclosed to prevent unauthorized access.,Secret
The monthly economic bulletin includes GDP and inflation stats for public view.,Public
Tactical battlefield deployment plans for northern command must be kept secret.,Secret
Project Falcon’s drone navigation algorithm is highly confidential.,Secret
The biometric authentication codes for secure facilities are classified documents.,Secret
This school curriculum guide is intended for parents and teachers.,Public
This report presents a summary of the city's water usage statistics over the past year.,Public
This school curriculum guide is intended for parents and teachers.,Public
The public transportation timetable for metro and bus routes is available online.,Public
Operational details about submarine deployments should not be disclosed publicly.,Secret
The official results of the inter-university cricket championship are now published.,Public
An overview of traffic congestion trends is provided in this transport report.,Public
Tactical battlefield deployment plans for northern command must be kept secret.,Secret
The tourism brochure highlights attractions across the northern state region.,Public
An overview of traffic congestion trends is provided in this transport report.,Public
Nuclear reactor schematics and shielding specifications are classified.,Secret
The official results of the inter-university cricket championship are now published.,Public
The official results of the inter-university cricket championship are now published.,Public
This document outlines the public holiday calendar for the upcoming fiscal year.,Public
The public transportation timetable for metro and bus routes is available online.,Public
Project Falcon’s drone navigation algorithm is highly confidential.,Secret
This report presents a summary of the city's water usage statistics over the past year.,Public
The defense communication encryption protocol is to be updated by top-level personnel only.,Secret
Project Falcon’s drone navigation algorithm is highly confidential.,Secret
The missile launch sequence must remain undisclosed to prevent unauthorized access.,Secret
The satellite imagery from the border surveillance program must be stored securely.,Secret
This school curriculum guide is intended for parents and teachers.,Public
The public transportation timetable for metro and bus routes is available online.,Public
Strategic plans for satellite defense networks must remain secret.,Secret
This school curriculum guide is intended for parents and teachers.,Public
The defense communication encryption protocol is to be updated by top-level personnel only.,Secret
The satellite imagery from the border surveillance program must be stored securely.,Secret
This document outlines the public holiday calendar for the upcoming fiscal year.,Public
Cybersecurity reports on government infrastructure breaches must be encrypted and protected.,Secret
The monthly economic bulletin includes GDP and inflation stats for public view.,Public
The monthly economic bulletin includes GDP and inflation stats for public view.,Public
Project Falcon’s drone navigation algorithm is highly confidential.,Secret
This school curriculum guide is intended for parents and teachers.,Public
The annual public health report includes vaccination coverage statistics.,Public
The public transportation timetable for metro and bus routes is available online.,Public
The biometric authentication codes for secure facilities are classified documents.,Secret
Nuclear reactor schematics and shielding specifications are classified.,Secret
Cybersecurity reports on government infrastructure breaches must be encrypted and protected.,Secret
This report presents a summary of the city's water usage statistics over the past year.,Public
This weather forecast includes temperature and precipitation data for the next 7 days.,Public
This document outlines the public holiday calendar for the upcoming fiscal year.,Public
The biometric authentication codes for secure facilities are classified documents.,Secret
The public transportation timetable for metro and bus routes is available online.,Public
Project Falcon’s drone navigation algorithm is highly confidential.,Secret
The annual public health report includes vaccination coverage statistics.,Public
This school curriculum guide is intended for parents and teachers.,Public
Operational details about submarine deployments should not be disclosed publicly.,Secret
The public transportation timetable for metro and bus routes is available online.,Public
Project Falcon’s drone navigation algorithm is highly confidential.,Secret
This report presents a summary of the city's water usage statistics over the past year.,Public
Project Falcon’s drone navigation algorithm is highly confidential.,Secret
The biometric authentication codes for secure facilities are classified documents.,Secret
This school curriculum guide is intended for parents and teachers.,Public
Tactical battlefield deployment plans for northern command must be kept secret.,Secret
The monthly economic bulletin includes GDP and inflation stats for public view.,Public
Operational details about submarine deployments should not be disclosed publicly.,Secret
This school curriculum guide is intended for parents and teachers.,Public
The biometric authentication codes for secure facilities are classified documents.,Secret
This school curriculum guide is intended for parents and teachers.,Public
Tactical battlefield deployment plans for northern command must be kept secret.,Secret
This document outlines the public holiday calendar for the upcoming fiscal year.,Public
The public transportation timetable for metro and bus routes is available online.,Public
The public transportation timetable for metro and bus routes is available online.,Public
Operational details about submarine deployments should not be disclosed publicly.,Secret
Project Falcon’s drone navigation algorithm is highly confidential.,Secret
The missile launch sequence must remain undisclosed to prevent unauthorized access.,Secret
Project Falcon’s drone navigation algorithm is highly confidential.,Secret
The missile launch sequence must remain undisclosed to prevent unauthorized access.,Secret
This weather forecast includes temperature and precipitation data for the next 7 days.,Public
This document outlines the public holiday calendar for the upcoming fiscal year.,Public
The defense communication encryption protocol is to be updated by top-level personnel only.,Secret
Nuclear reactor schematics and shielding specifications are classified.,Secret
This school curriculum guide is intended for parents and teachers.,Public
The official results of the inter-university cricket championship are now published.,Public
The monthly economic bulletin includes GDP and inflation stats for public view.,Public
Cybersecurity reports on government infrastructure breaches must be encrypted and protected.,Secret
The satellite imagery from the border surveillance program must be stored securely.,Secret
The public transportation timetable for metro and bus routes is available online.,Public
Tactical battlefield deployment plans for northern command must be kept secret.,Secret
Operational details about submarine deployments should not be disclosed publicly.,Secret
The public transportation timetable for metro and bus routes is available online.,Public
Cybersecurity reports on government infrastructure breaches must be encrypted and protected.,Secret
The tourism brochure highlights attractions across the northern state region.,Public
Strategic plans for satellite defense networks must remain secret.,Secret
The missile launch sequence must remain undisclosed to prevent unauthorized access.,Secret
The public transportation timetable for metro and bus routes is available online.,Public
Operational details about submarine deployments should not be disclosed publicly.,Secret
The defense communication encryption protocol is to be updated by top-level personnel only.,Secret
Operational details about submarine deployments should not be disclosed publicly.,Secret
The tourism brochure highlights attractions across the northern state region.,Public
The satellite imagery from the border surveillance program must be stored securely.,Secret
The tourism brochure highlights attractions across the northern state region.,Public
The tourism brochure highlights attractions across the northern state region.,Public
The official results of the inter-university cricket championship are now published.,Public
The public transportation timetable for metro and bus routes is available online.,Public
This weather forecast includes temperature and precipitation data for the next 7 days.,Public
Nuclear reactor schematics and shielding specifications are classified.,Secret
Operational details about submarine deployments should not be disclosed publicly.,Secret
The official results of the inter-university cricket championship are now published.,Public
Operational details about submarine deployments should not be disclosed publicly.,Secret
Cybersecurity reports on government infrastructure breaches must be encrypted and protected.,Secret
The satellite imagery from the border surveillance program must be stored securely.,Secret
This report presents a summary of the city's water usage statistics over the past year.,Public
The official results of the inter-university cricket championship are now published.,Public
The satellite imagery from the border surveillance program must be stored securely.,Secret
This document outlines the public holiday calendar for the upcoming fiscal year.,Public
The satellite imagery from the border surveillance program must be stored securely.,Secret
The biometric authentication codes for secure facilities are classified documents.,Secret
This school curriculum guide is intended for parents and teachers.,Public
This report presents a summary of the city's water usage statistics over the past year.,Public
Nuclear reactor schematics and shielding specifications are classified.,Secret
The satellite imagery from the border surveillance program must be stored securely.,Secret
This document outlines the public holiday calendar for the upcoming fiscal year.,Public
This weather forecast includes temperature and precipitation data for the next 7 days.,Public
This weather forecast includes temperature and precipitation data for the next 7 days.,Public
The satellite imagery from the border surveillance program must be stored securely.,Secret
The tourism brochure highlights attractions across the northern state region.,Public
This school curriculum guide is intended for parents and teachers.,Public
Tactical battlefield deployment plans for northern command must be kept secret.,Secret
Tactical battlefield deployment plans for northern command must be kept secret.,Secret
Project Falcon’s drone navigation algorithm is highly confidential.,Secret
An overview of traffic congestion trends is provided in this transport report.,Public
The missile launch sequence must remain undisclosed to prevent unauthorized access.,Secret
The missile launch sequence must remain undisclosed to prevent unauthorized access.,Secret
The defense communication encryption protocol is to be updated by top-level personnel only.,Secret
The public transportation timetable for metro and bus routes is available online.,Public
This document outlines the public holiday calendar for the upcoming fiscal year.,Public
The tourism brochure highlights attractions across the northern state region.,Public
Cybersecurity reports on government infrastructure breaches must be encrypted and protected.,Secret
The official results of the inter-university cricket championship are now published.,Public
This school curriculum guide is intended for parents and teachers.,Public
The defense communication encryption protocol is to be updated by top-level personnel only.,Secret
Project Falcon’s drone navigation algorithm is highly confidential.,Secret
Tactical battlefield deployment plans for northern command must be kept secret.,Secret
The defense communication encryption protocol is to be updated by top-level personnel only.,Secret
The defense communication encryption protocol is to be updated by top-level personnel only.,Secret
Strategic plans for satellite defense networks must remain secret.,Secret
This school curriculum guide is intended for parents and teachers.,Public
Strategic plans for satellite defense networks must remain secret.,Secret
Strategic plans for satellite defense networks must remain secret.,Secret
Strategic plans for satellite defense networks must remain secret.,Secret
Project Falcon’s drone navigation algorithm is highly confidential.,Secret
The public transportation timetable for metro and bus routes is available online.,Public
This weather forecast includes temperature and precipitation data for the next 7 days.,Public
Nuclear reactor schematics and shielding specifications are classified.,Secret
This document outlines the public holiday calendar for the upcoming fiscal year.,Public
This school curriculum guide is intended for parents and teachers.,Public
Project Falcon’s drone navigation algorithm is highly confidential.,Secret
Project Falcon’s drone navigation algorithm is highly confidential.,Secret
The satellite imagery from the border surveillance program must be stored securely.,Secret
The public transportation timetable for metro and bus routes is available online.,Public
This school curriculum guide is intended for parents and teachers.,Public
The missile launch sequence must remain undisclosed to prevent unauthorized access.,Secret
The public transportation timetable for metro and bus routes is available online.,Public
Cybersecurity reports on government infrastructure breaches must be encrypted and protected.,Secret
An overview of traffic congestion trends is provided in this transport report.,Public
Cybersecurity reports on government infrastructure breaches must be encrypted and protected.,Secret
Operational details about submarine deployments should not be disclosed publicly.,Secret
Cybersecurity reports on government infrastructure breaches must be encrypted and protected.,Secret
The public transportation timetable for metro and bus routes is available online.,Public
This weather forecast includes temperature and precipitation data for the next 7 days.,Public
Project Falcon’s drone navigation algorithm is highly confidential.,Secret
The missile launch sequence must remain undisclosed to prevent unauthorized access.,Secret
The satellite imagery from the border surveillance program must be stored securely.,Secret
The satellite imagery from the border surveillance program must be stored securely.,Secret
The satellite imagery from the border surveillance program must be stored securely.,Secret
The public transportation timetable for metro and bus routes is available online.,Public
The annual public health report includes vaccination coverage statistics.,Public
An overview of traffic congestion trends is provided in this transport report.,Public
Strategic plans for satellite defense networks must remain secret.,Secret
Project Falcon’s drone navigation algorithm is highly confidential.,Secret
The public transportation timetable for metro and bus routes is available online.,Public
Cybersecurity reports on government infrastructure breaches must be encrypted and protected.,Secret
